{
    "lime": {
        "random_forest": 4.199862916999999,
        "knn": 4.321727833000001,
        "MLP": 4.748262,
        "decision_tree": 4.276704458999998,
        "xgboost": 4.324599250000002
    },
    "shap": {
        "random_forest": 3.489409584000004,
        "knn": 1.8941780840000035,
        "MLP": 4.236666792000001,
        "decision_tree": 1.626084917,
        "xgboost": 1.7445213329999945
    },
    "anchor": {
        "random_forest": 5.852250375000004,
        "knn": 0.440081708000001,
        "MLP": 1.5219675829999986,
        "decision_tree": 0.7216850420000043,
        "xgboost": 3.1401482499999958
    }
}