{
    "lime": {
        "random_forest": 1.1461890209,
        "knn": 1.1207187542000006,
        "MLP": 1.1208088083000003,
        "decision_tree": 1.1073265084,
        "xgboost": 1.1406539416999997
    },
    "shap": {
        "random_forest": 0.08947116249999994,
        "knn": 0.05109142919999954,
        "MLP": 0.06351040419999947,
        "decision_tree": 0.03538066250000042,
        "xgboost": 0.040530862500000354
    },
    "anchor": {
        "random_forest": 0.022526545799999555,
        "knn": 0.014665033299999663,
        "MLP": 0.025591358299999457,
        "decision_tree": 0.05850937089999917,
        "xgboost": 0.009520525000000645
    }
}