{
    "lime": {
        "random_forest": 0.6991732633333333,
        "knn": 0.6675103056666666,
        "MLP": 0.6748257363333332,
        "decision_tree": 0.680126416666667,
        "xgboost": 0.6762970136666665
    },
    "shap": {
        "random_forest": 0.01153881966666622,
        "knn": 0.0033494303333334585,
        "MLP": 0.006000416666667026,
        "decision_tree": 0.002844027666666804,
        "xgboost": 0.005946125000000062
    },
    "anchor": {
        "random_forest": 0.06656334733333284,
        "knn": 0.01679047200000028,
        "MLP": 0.015087555333333688,
        "decision_tree": 0.018024902666666637,
        "xgboost": 0.011356652666666633
    }
}