{"lime": [{"random_forest": 0.6002616249999999, "knn": 0.6709358750000001, "MLP": 0.6731249169999995, "decision_tree": 0.662497042, "xgboost": 0.669667875}, {"random_forest": {"1": [[