{
    "lime": {
        "random_forest": 0.7560328473333334,
        "knn": 0.8454485000000002,
        "MLP": 0.7913420973333333,
        "decision_tree": 0.7587884443333337,
        "xgboost": 0.7920589306666669
    },
    "shap": {
        "random_forest": 1.7533573193333336,
        "knn": 0.6453870969999992,
        "MLP": 1.3724940973333328,
        "decision_tree": 0.5538261943333325,
        "xgboost": 0.6699534026666664
    },
    "anchor": {
        "random_forest": 0.4888829583333347,
        "knn": 0.08630590266666616,
        "MLP": 0.0021355833333321548,
        "decision_tree": 0.1500214030000014,
        "xgboost": 0.18530969433333647
    }
}