{
    "lime": {
        "random_forest": 0.2453529166666666,
        "knn": 0.24566615300000016,
        "MLP": 0.14785779166666657,
        "decision_tree": 0.1332049443333337,
        "xgboost": 0.14973019433333334
    },
    "shap": {
        "random_forest": 46.923023819,
        "knn": 45.716604319,
        "MLP": 41.76812008266668,
        "decision_tree": 40.421488374333336,
        "xgboost": 39.70254943000001,
        "smapling_time": 37.959971166
    },
    "anchor": {
        "random_forest": 0.9178468053333404,
        "knn": 0.0035029303333355224,
        "MLP": 0.002335236000002775,
        "decision_tree": 0.21557641666667374,
        "xgboost": 0.003486138666668618
    }
}