{
    "lime": {
        "random_forest": 0.2704955000000003,
        "knn": 0.33634516666666653,
        "MLP": 0.23605679166666724,
        "decision_tree": 0.2325277640000003,
        "xgboost": 0.2564127083333337
    },
    "shap": {
        "random_forest": 18.322965541666665,
        "knn": 19.895420902666668,
        "MLP": 17.81165826366667,
        "decision_tree": 17.467444569666668,
        "xgboost": 17.40905370833333,
        "smapling_time": 16.915908625
    },
    "anchor": {
        "random_forest": 0.006370430666668388,
        "knn": 0.003140569333330253,
        "MLP": 0.0023407636666661347,
        "decision_tree": 0.0022742363333350113,
        "xgboost": 0.006446569666664459
    }
}