{
    "lime": {
        "random_forest": 0.4865639999776121,
        "knn": 0.48619005612313376,
        "MLP": 0.4467775289179095,
        "decision_tree": 0.43521605431343297,
        "xgboost": 0.45298286829850914
    },
    "shap": {
        "random_forest": 0.004074462220149028,
        "knn": 0.0018876906082090526,
        "MLP": 0.0031891313768659555,
        "decision_tree": 0.001502314988805896,
        "xgboost": 0.0019182535783585732
    },
    "anchor": {
        "random_forest": 0.000728657649253717,
        "knn": 0.000652421332089414,
        "MLP": 0.00033463168656724983,
        "decision_tree": 0.00030227891791009283,
        "xgboost": 0.0003221977611946074
    }
}