{"lime": {"random_forest": 0.4139183749999997, "knn": 0.49923529099999975, "MLP": 0.44704337500000024, "decision_tree": 0.4323219580000002, "xgboost": 0.4621432910000003}, "shap": {"random_forest": 1.1435346249999991, "knn": 0.5094531250000003, "MLP": 0.9322640419999999, "decision_tree": 0.40350320800000006, "xgboost": 0.5168732499999997}, "anchor": {"random_forest": 0.2361808750000005, "knn": 0.16408370799999972, "MLP": 0.13227504099999976, "decision_tree": 0.10197245900000063, "xgboost": 0.19372208300000082}}