{"lime": {"random_forest": 1.8477095000000006, "knn": 1.938202582999999, "MLP": 1.946464082999995, "decision_tree": 1.920690625000006, "xgboost": 2.0001990419999984}, "shap": {"random_forest": 1.1604149589999935, "knn": 0.6868791250000044, "MLP": 1.3214987919999999, "decision_tree": 0.4914287080000008, "xgboost": 0.5920557919999965}, "anchor": {"random_forest": 2.389274999999998, "knn": 0.10360233299999777, "MLP": 0.393786999999989, "decision_tree": 0.25773462499999766, "xgboost": 0.822690250000008}}