{
    "lime": {
        "random_forest": 0.38679540097068543,
        "knn": 0.6399708199416494,
        "MLP": 0.07262550392034832,
        "decision_tree": 0.15417273231823816,
        "xgboost": 0.5096649580464625
    },
    "shap": {
        "random_forest": 0.6819665993995224,
        "knn": 0.7921231677890741,
        "MLP": 0.3133655164049124,
        "decision_tree": 0.5019556228450908,
        "xgboost": 0.7933736134545122
    },
    "anchor": {
        "random_forest": 0.22111456180001676,
        "knn": 0.665812226197888,
        "MLP": -0.26073578927670726,
        "decision_tree": 0.19999999999999998,
        "xgboost": 1.0
    }
}