{"lime": {}, "shap": {"Titanic - random_forest": 1.0658331659999998, "Titanic - knn": 0.4373019170000001, "Titanic - decision_tree": 0.344097042, "Titanic - xgboost": 0.4484303329999997}, "anchor": {}}