{"lime": {"Reddit - random_forest": 0.6070017919999984, "Reddit - knn": 1.756505458999996, "Reddit - decision_tree": 1.4331572500000007, "Reddit - xgboost": 0.7689103750000044}, "shap": {}, "anchor": {}}