{"lime": {"iris - random_forest": 0.5902983339999999, "iris - knn": 0.5791558750000014, "iris - decision_tree": 0.5753793340000009, "iris - xgboost": 0.588876041999999}, "shap": {"iris - random_forest": 0.03954274999999896, "iris - knn": 0.014839666000000307, "iris - decision_tree": 0.010207708999999454, "iris - xgboost": 0.011247499999999633}, "anchor": {}}