{
    "lime": {},
    "shap": {
        "Reddit - random_forest": 16.645963041999998,
        "Reddit - knn": 22.839247875000005,
        "Reddit - decision_tree": 7.133393749999996,
        "Reddit - xgboost": 5.377782084000003
    },
    "anchor": {},
    "shap_sampling_time": 38.800846375
}