{"lime": {"Titanic - random_forest": 0.456828083, "Titanic - knn": 0.5615934999999999, "Titanic - MLP": 0.5909407500000001, "Titanic - decision_tree": 0.5274341249999992, "Titanic - xgboost": 0.558531458}, "shap": {"Titanic - random_forest": 1.1869430840000001, "Titanic - knn": 0.43782858299999994, "Titanic - MLP": 0.8501099590000001, "Titanic - decision_tree": 0.3412217919999989, "Titanic - xgboost": 0.486813583}, "anchor": {"Titanic - random_forest": 0.1736711660000001, "Titanic - knn": 0.1657255830000004, "Titanic - MLP": 0.20460166700000038, "Titanic - decision_tree": 0.07653975000000024, "Titanic - xgboost": 0.22036920900000112}}