{"lime": {"Cancer - random_forest": 4.209970375, "Cancer - knn": 4.513061209, "Cancer - MLP": 4.383114542000001, "Cancer - decision_tree": 4.349136332999999, "Cancer - xgboost": 4.359028917}, "shap": {"Cancer - random_forest": 3.541750499999999, "Cancer - knn": 1.8625200419999999, "Cancer - MLP": 3.956975833999998, "Cancer - decision_tree": 1.511724375, "Cancer - xgboost": 1.6036078330000052}, "anchor": {"Cancer - random_forest": 5.129728333000003, "Cancer - knn": 1.455357792000001, "Cancer - MLP": 0.8436861249999978, "Cancer - decision_tree": 1.0667848750000033, "Cancer - xgboost": 2.8866644579999985}}