{"lime": {"Titanic - random_forest": 0.39602779199999993, "Titanic - knn": 0.7105746669999999, "Titanic - MLP": 0.46612995899999987, "Titanic - decision_tree": 0.4479094589999999, "Titanic - xgboost": 0.42992587500000035}, "shap": {"Titanic - random_forest": 1.25378875, "Titanic - knn": 0.431626584, "Titanic - MLP": 0.8144639580000002, "Titanic - decision_tree": 0.34235895800000016, "Titanic - xgboost": 0.46782604200000044}, "anchor": {"Titanic - random_forest": 0.15757862500000108, "Titanic - knn": 0.2844796669999994, "Titanic - MLP": 0.840146958, "Titanic - decision_tree": 0.08822829100000007, "Titanic - xgboost": 0.23179199999999867}}