{"lime": {"wine - random_forest": 1.7915906249999998, "wine - knn": 1.8813991250000002, "wine - decision_tree": 1.880210333, "wine - xgboost": 1.9104452909999994}, "shap": {"wine - random_forest": 1.0760570420000004, "wine - knn": 0.5708378330000006, "wine - decision_tree": 0.39595845799999907, "wine - xgboost": 0.4680762500000011}, "anchor": {}}