{"lime": {"Diabetes - random_forest": 1.070370834000002, "Diabetes - knn": 1.2043875409999991, "Diabetes - MLP": 1.1807550410000012, "Diabetes - decision_tree": 1.106009084, "Diabetes - xgboost": 1.1275956669999978}, "shap": {"Diabetes - random_forest": 0.866302000000001, "Diabetes - knn": 0.39985358299999874, "Diabetes - MLP": 0.5984950829999995, "Diabetes - decision_tree": 0.25049045900000166, "Diabetes - xgboost": 0.35712570800000165}, "anchor": {"Diabetes - random_forest": 0.3811093329999977, "Diabetes - knn": 0.1484132080000009, "Diabetes - MLP": 0.5225934579999958, "Diabetes - decision_tree": 0.12126045899999838, "Diabetes - xgboost": 0.20854666700000024}}