{"lime": {"Cancer - random_forest": 4.4346377089999995, "Cancer - knn": 4.710959208, "Cancer - MLP": 4.389753292000002, "Cancer - decision_tree": 4.442958791999999, "Cancer - xgboost": 4.573501125}, "shap": {"Cancer - random_forest": 3.575365209000001, "Cancer - knn": 1.8662116250000018, "Cancer - MLP": 4.250656249999999, "Cancer - decision_tree": 1.4766864580000032, "Cancer - xgboost": 1.684099332999999}, "anchor": {"Cancer - random_forest": 5.953174500000003, "Cancer - knn": 1.908929624999999, "Cancer - MLP": 1.7005173330000005, "Cancer - decision_tree": 0.7847416669999987, "Cancer - xgboost": 3.700141875}}