{"lime": {"loan - random_forest": 0.739429291, "loan - knn": 0.929950292, "loan - MLP": 0.8379988750000003, "loan - decision_tree": 0.8054422500000005, "loan - xgboost": 0.843402416}, "shap": {"loan - random_forest": 5.176025833, "loan - knn": 1.8720024160000008, "loan - MLP": 4.080473792000001, "loan - decision_tree": 1.6035277080000014, "loan - xgboost": 1.9665190000000017}, "anchor": {"loan - random_forest": 0.36889799999999795, "loan - knn": 0.4695519159999968, "loan - MLP": 0.027495375000000877, "loan - decision_tree": 0.26893412500000125, "loan - xgboost": 0.22007229100000103}}