{
    "lime": {
        "spam_ham - random_forest": 0.35806979100000014,
        "spam_ham - knn": 0.6920597089999998,
        "spam_ham - decision_tree": 0.3125447499999998,
        "spam_ham - xgboost": 0.3769436669999999
    },
    "shap": {
        "spam_ham - random_forest": 6.341046917,
        "spam_ham - knn": 9.022932417,
        "spam_ham - decision_tree": 1.7304459169999973,
        "spam_ham - xgboost": 1.3170843750000003
    },
    "anchor": {},
    "shap_sampling_time": 17.078210249999998
}