{"lime": {"iris - random_forest": 0.639734458, "iris - knn": 0.7933870839999999, "iris - MLP": 0.8346394159999999, "iris - decision_tree": 0.7424698750000003, "iris - xgboost": 0.7866615829999999}, "shap": {"iris - random_forest": 0.044324375000000416, "iris - knn": 0.011334125000000306, "iris - MLP": 0.012283250000000301, "iris - decision_tree": 0.009519499999999681, "iris - xgboost": 0.018062875000000034}, "anchor": {"iris - random_forest": 0.23357916700000025, "iris - knn": 0.07007850000000015, "iris - MLP": 0.08097491599999973, "iris - decision_tree": 0.035195666999999986, "iris - xgboost": 0.08284170800000012}}