{
    "lime": {
        "random_forest": 0.6791884333000001,
        "knn": 0.6644926416999999,
        "MLP": 0.6888362209000002,
        "decision_tree": 0.6628191043000005,
        "xgboost": 0.6803663583000003
    },
    "shap": {
        "random_forest": 0.0018390500000002418,
        "knn": 0.0009839916000004222,
        "MLP": 0.0020012875000006147,
        "decision_tree": 0.0015213500000001545,
        "xgboost": 0.0010162291999996852
    },
    "anchor": {
        "random_forest": 0.01831552910000056,
        "knn": 0.009662929200000291,
        "MLP": 0.010634625000000142,
        "decision_tree": 0.006806108399999999,
        "xgboost": 0.009420300000000026
    }
}