{"lime": {"random_forest": 0.6934666659999991, "knn": 0.7355807920000004, "MLP": 0.6712217500000008, "decision_tree": 0.6631730000000005, "xgboost": 0.682200666}, "shap": [{"random_forest": 5.132395875, "knn": 1.8750433750000042, "MLP": 4.1291973330000005, "decision_tree": 1.6213949170000035, "xgboost": 2.017164666999996}, {"random_forest": 