{
    "lime": {
        "random_forest": 0.39529595800000017,
        "knn": 0.5608182500000001,
        "MLP": 0.465201,
        "decision_tree": 0.4526270840000004,
        "xgboost": 0.513306
    },
    "shap": {
        "random_forest": 1.159617666,
        "knn": 0.5123362499999997,
        "MLP": 0.9503458330000001,
        "decision_tree": 0.4215605,
        "xgboost": 0.4986122919999998
    },
    "anchor": {
        "random_forest": 0.28594804199999935,
        "knn": 0.16622779199999904,
        "MLP": 0.1719072500000003,
        "decision_tree": 0.14740291700000085,
        "xgboost": 0.16204962499999986
    }
}